{
  "version": 1,
  "calibration_seconds": 60.0,
  "minimum_samples": 20,
  "started_at": 1774754189.8005579,
  "baseline_ready": true,
  "calibration_stats": {
    "iki_mean": {
      "count": 7452,
      "mean": 0.09085896403650029,
      "m2": 1037.8331727712039
    },
    "iki_std": {
      "count": 7452,
      "mean": 0.11512989801395707,
      "m2": 2182.7572702587163
    },
    "error_rate": {
      "count": 7452,
      "mean": 0.018996376811594155,
      "m2": 68.61880690217365
    },
    "burst_length": {
      "count": 7452,
      "mean": 1.4504388083735982,
      "m2": 248761.00866509762
    },
    "cursor_speed": {
      "count": 7452,
      "mean": 162.50393585614543,
      "m2": 1609890190.7694712
    },
    "path_linearity": {
      "count": 7452,
      "mean": 0.13585976918947892,
      "m2": 486.56310245880377
    },
    "click_dwell": {
      "count": 7452,
      "mean": 0.05895947396672022,
      "m2": 828.4887817611353
    },
    "idle_ratio": {
      "count": 7452,
      "mean": 0.8435878958668822,
      "m2": 514.005519428206
    },
    "perclos": {
      "count": 5118,
      "mean": 0.08920027354435348,
      "m2": 109.09589171961694
    }
  },
  "ewma_stats": {
    "iki_mean": {
      "alpha": 0.05,
      "mean": 1.1969756220204921e-30,
      "var": 1.2404853151209345e-31,
      "initialised": true
    },
    "iki_std": {
      "alpha": 0.05,
      "mean": 1.6141176134346208e-52,
      "var": 1.9087255435355516e-53,
      "initialised": true
    },
    "error_rate": {
      "alpha": 0.05,
      "mean": 1.423338440265957e-97,
      "var": 2.0421516491063463e-98,
      "initialised": true
    },
    "burst_length": {
      "alpha": 0.05,
      "mean": 2.3339378742471618e-29,
      "var": 4.6678757484940265e-29,
      "initialised": true
    },
    "cursor_speed": {
      "alpha": 0.05,
      "mean": 189.13623939948135,
      "var": 83732.6354871041,
      "initialised": true
    },
    "path_linearity": {
      "alpha": 0.05,
      "mean": 0.1753072211922305,
      "var": 0.09545481236022868,
      "initialised": true
    },
    "click_dwell": {
      "alpha": 0.05,
      "mean": 0.035762594765625,
      "var": 0.0035489871089890664,
      "initialised": true
    },
    "idle_ratio": {
      "alpha": 0.05,
      "mean": 0.9299641175867298,
      "var": 0.011483708217578563,
      "initialised": true
    },
    "perclos": {
      "alpha": 0.05,
      "mean": 0.23137854169758254,
      "var": 0.020910837732175152,
      "initialised": true
    }
  },
  "ewma_ready": true,
  "state_buffer": [
    "fatigued",
    "fatigued",
    "fatigued",
    "fatigued",
    "fatigued"
  ]
}