{
  "version": 1,
  "calibration_seconds": 60.0,
  "minimum_samples": 20,
  "started_at": 1774754189.8005579,
  "baseline_ready": true,
  "calibration_stats": {
    "iki_mean": {
      "count": 3160,
      "mean": 0.20838006329113914,
      "m2": 959.010320543989
    },
    "iki_std": {
      "count": 3160,
      "mean": 0.27029936708860774,
      "m2": 2050.234616798738
    },
    "error_rate": {
      "count": 3160,
      "mean": 0.04479778481012664,
      "m2": 64.96633378449361
    },
    "burst_length": {
      "count": 3160,
      "mean": 3.097680379746834,
      "m2": 219682.15209718363
    },
    "cursor_speed": {
      "count": 3160,
      "mean": 294.90210759493647,
      "m2": 1314811115.7371697
    },
    "path_linearity": {
      "count": 3160,
      "mean": 0.19977500000000045,
      "m2": 237.67704902500003
    },
    "click_dwell": {
      "count": 3160,
      "mean": 0.1293028481012654,
      "m2": 797.7987491743669
    },
    "idle_ratio": {
      "count": 3160,
      "mean": 0.730452848101266,
      "m2": 279.619680974367
    },
    "perclos": {
      "count": 2547,
      "mean": 0.09403337259521,
      "m2": 31.335788163329408
    }
  },
  "ewma_stats": {
    "iki_mean": {
      "alpha": 0.05,
      "mean": 0.15986408188599588,
      "var": 0.01278616650129523,
      "initialised": true
    },
    "iki_std": {
      "alpha": 0.05,
      "mean": 0.11686878891453291,
      "var": 0.007782854942876441,
      "initialised": true
    },
    "error_rate": {
      "alpha": 0.05,
      "mean": 0.05802221163738275,
      "var": 0.004958228345786355,
      "initialised": true
    },
    "burst_length": {
      "alpha": 0.05,
      "mean": 24.34277824233672,
      "var": 607.5394014256281,
      "initialised": true
    },
    "cursor_speed": {
      "alpha": 0.05,
      "mean": 174.5962870786374,
      "var": 169217.29550064317,
      "initialised": true
    },
    "path_linearity": {
      "alpha": 0.05,
      "mean": 0.10042758466735324,
      "var": 0.014461392976859583,
      "initialised": true
    },
    "click_dwell": {
      "alpha": 0.05,
      "mean": 0.033141892883999644,
      "var": 0.0012012087593328683,
      "initialised": true
    },
    "idle_ratio": {
      "alpha": 0.05,
      "mean": 0.30201385453236473,
      "var": 0.11380179758608795,
      "initialised": true
    },
    "perclos": {
      "alpha": 0.05,
      "mean": 0.055266035228330616,
      "var": 0.0003966611336250326,
      "initialised": true
    }
  },
  "ewma_ready": true,
  "state_buffer": [
    "focused",
    "focused",
    "focused",
    "focused",
    "focused"
  ]
}