{
  "version": 1,
  "calibration_seconds": 90.0,
  "minimum_samples": 20,
  "started_at": 1774754189.8005579,
  "baseline_ready": true,
  "calibration_stats": {
    "iki_mean": {
      "count": 1620,
      "mean": 0.25822901234567913,
      "m2": 724.81933403642
    },
    "iki_std": {
      "count": 1620,
      "mean": 0.3701388888888898,
      "m2": 1705.748529750001
    },
    "error_rate": {
      "count": 1620,
      "mean": 0.049645061728394974,
      "m2": 42.85177091049378
    },
    "burst_length": {
      "count": 1620,
      "mean": 1.7182962962962958,
      "m2": 30233.30729777778
    },
    "cursor_speed": {
      "count": 1620,
      "mean": 371.05952469135804,
      "m2": 814911775.8259358
    },
    "path_linearity": {
      "count": 1620,
      "mean": 0.23696913580246928,
      "m2": 116.6395784567901
    },
    "click_dwell": {
      "count": 1620,
      "mean": 0.1411888888888887,
      "m2": 292.16441619999966
    },
    "idle_ratio": {
      "count": 1620,
      "mean": 0.7334555555555566,
      "m2": 87.62231579999985
    },
    "perclos": {
      "count": 1172,
      "mean": 0.05874317406143346,
      "m2": 1.7649936953924914
    }
  },
  "ewma_stats": {
    "iki_mean": {
      "alpha": 0.05,
      "mean": 3.112664460075205e-13,
      "var": 2.1071285487455843e-13,
      "initialised": true
    },
    "iki_std": {
      "alpha": 0.05,
      "mean": 3.792571860896578e-13,
      "var": 3.687345594553722e-13,
      "initialised": true
    },
    "error_rate": {
      "alpha": 0.05,
      "mean": 4.597539434996089e-13,
      "var": 3.358478116693287e-13,
      "initialised": true
    },
    "burst_length": {
      "alpha": 0.05,
      "mean": 3.8540197257277804e-12,
      "var": 2.239619932009087e-11,
      "initialised": true
    },
    "cursor_speed": {
      "alpha": 0.05,
      "mean": 37.24720843488322,
      "var": 551.1621460851859,
      "initialised": true
    },
    "path_linearity": {
      "alpha": 0.05,
      "mean": 0.68429432841946,
      "var": 0.057295207035569014,
      "initialised": true
    },
    "click_dwell": {
      "alpha": 0.05,
      "mean": 0.08985775988328186,
      "var": 0.022419885829579753,
      "initialised": true
    },
    "idle_ratio": {
      "alpha": 0.05,
      "mean": 0.8001542804958458,
      "var": 0.001740386207671365,
      "initialised": true
    },
    "perclos": {
      "alpha": 0.05,
      "mean": 0.11463817673519705,
      "var": 0.0004018272209085369,
      "initialised": true
    }
  },
  "ewma_ready": true,
  "state_buffer": [
    "confused",
    "confused",
    "confused",
    "confused",
    "confused"
  ]
}