{
  "version": 1,
  "calibration_seconds": 90.0,
  "minimum_samples": 20,
  "started_at": 1774711018.7436213,
  "baseline_ready": true,
  "calibration_stats": {
    "iki_mean": {
      "count": 1803,
      "mean": 0.08249362174154189,
      "m2": 58.88704667665003
    },
    "iki_std": {
      "count": 1803,
      "mean": 0.15098058790904062,
      "m2": 458.89791832057693
    },
    "error_rate": {
      "count": 1803,
      "mean": 0.020079312257348852,
      "m2": 14.552549658347194
    },
    "burst_length": {
      "count": 1803,
      "mean": 13.8692013311148,
      "m2": 2572338.426649915
    },
    "cursor_speed": {
      "count": 1803,
      "mean": 1580.5110759844665,
      "m2": 26716327617.76719
    },
    "path_linearity": {
      "count": 1803,
      "mean": 0.1676932889628398,
      "m2": 92.8135553887966
    },
    "click_dwell": {
      "count": 1803,
      "mean": 0.15153965612867426,
      "m2": 34.8608599145868
    },
    "idle_ratio": {
      "count": 1803,
      "mean": 0.5711297836938416,
      "m2": 190.08485363061567
    },
    "perclos": {
      "count": 1766,
      "mean": 0.08786183465458657,
      "m2": 11.451892287655731
    }
  },
  "ewma_stats": {
    "iki_mean": {
      "alpha": 0.05,
      "mean": 0.3052813949423277,
      "var": 0.042057508215419995,
      "initialised": true
    },
    "iki_std": {
      "alpha": 0.05,
      "mean": 0.762324995194858,
      "var": 0.5364980552707804,
      "initialised": true
    },
    "error_rate": {
      "alpha": 0.05,
      "mean": 0.03129757888106295,
      "var": 0.00012793181564502281,
      "initialised": true
    },
    "burst_length": {
      "alpha": 0.05,
      "mean": 27.849220879493544,
      "var": 60.83033467634903,
      "initialised": true
    },
    "cursor_speed": {
      "alpha": 0.05,
      "mean": 67.48856670879837,
      "var": 3702.7527363137388,
      "initialised": true
    },
    "path_linearity": {
      "alpha": 0.05,
      "mean": 0.2178264830786229,
      "var": 0.07942963889760195,
      "initialised": true
    },
    "click_dwell": {
      "alpha": 0.05,
      "mean": 0.4908888974952542,
      "var": 0.2045147424317469,
      "initialised": true
    },
    "idle_ratio": {
      "alpha": 0.05,
      "mean": 0.3821823443720067,
      "var": 0.03291842555869902,
      "initialised": true
    },
    "perclos": {
      "alpha": 0.05,
      "mean": 0.16008301173355252,
      "var": 0.0005192708256062351,
      "initialised": true
    }
  },
  "ewma_ready": true,
  "state_buffer": [
    "focused",
    "focused",
    "focused",
    "focused",
    "focused"
  ]
}