{
  "version": 1,
  "calibration_seconds": 90.0,
  "minimum_samples": 20,
  "started_at": 1774711018.7436213,
  "baseline_ready": true,
  "calibration_stats": {
    "iki_mean": {
      "count": 694,
      "mean": 0.013273775216138324,
      "m2": 0.9882439827089337
    },
    "iki_std": {
      "count": 694,
      "mean": 0.018242074927953895,
      "m2": 1.7549873314121038
    },
    "error_rate": {
      "count": 694,
      "mean": 0.00040345821325648407,
      "m2": 0.002455031700288184
    },
    "burst_length": {
      "count": 694,
      "mean": 12.614020172910658,
      "m2": 848486.1044837177
    },
    "cursor_speed": {
      "count": 694,
      "mean": 1570.7418731988466,
      "m2": 8690967205.321964
    },
    "path_linearity": {
      "count": 694,
      "mean": 0.19231844380403476,
      "m2": 48.18386662391933
    },
    "click_dwell": {
      "count": 694,
      "mean": 0.15854322766570583,
      "m2": 6.343736203170038
    },
    "idle_ratio": {
      "count": 694,
      "mean": 0.6158227665706052,
      "m2": 85.6320792002882
    },
    "perclos": {
      "count": 670,
      "mean": 0.04677910447761198,
      "m2": 2.5848373074626885
    }
  },
  "ewma_stats": {
    "iki_mean": {
      "alpha": 0.05,
      "mean": 0.15148938823367863,
      "var": 0.002118859844042968,
      "initialised": true
    },
    "iki_std": {
      "alpha": 0.05,
      "mean": 0.18941511891344714,
      "var": 0.00162286619977123,
      "initialised": true
    },
    "error_rate": {
      "alpha": 0.05,
      "mean": 0.007986180326304512,
      "var": 2.1850888451813532e-05,
      "initialised": true
    },
    "burst_length": {
      "alpha": 0.05,
      "mean": 58.38187566607293,
      "var": 907.2239157426166,
      "initialised": true
    },
    "cursor_speed": {
      "alpha": 0.05,
      "mean": 1080.9105969656991,
      "var": 5558060.723262181,
      "initialised": true
    },
    "path_linearity": {
      "alpha": 0.05,
      "mean": 0.09780593715756607,
      "var": 0.011205445392443131,
      "initialised": true
    },
    "click_dwell": {
      "alpha": 0.05,
      "mean": 0.19585433509992375,
      "var": 0.0022354431074836424,
      "initialised": true
    },
    "idle_ratio": {
      "alpha": 0.05,
      "mean": 0.06699251411574388,
      "var": 0.002006630886549085,
      "initialised": true
    },
    "perclos": {
      "alpha": 0.05,
      "mean": 0.014006622610739308,
      "var": 9.480568600323329e-06,
      "initialised": true
    }
  },
  "ewma_ready": true,
  "state_buffer": [
    "fatigued",
    "fatigued",
    "fatigued",
    "fatigued",
    "fatigued"
  ]
}