{
  "version": 1,
  "calibration_seconds": 90.0,
  "minimum_samples": 20,
  "started_at": 1774718500.9161794,
  "baseline_ready": true,
  "calibration_stats": {
    "iki_mean": {
      "count": 23575,
      "mean": 0.11375630965005362,
      "m2": 2694.139266998937
    },
    "iki_std": {
      "count": 23575,
      "mean": 0.1850702014846252,
      "m2": 8807.858242816556
    },
    "error_rate": {
      "count": 23575,
      "mean": 0.024330774125132706,
      "m2": 265.69564262337366
    },
    "burst_length": {
      "count": 23575,
      "mean": 4.063897773064706,
      "m2": 5406743.281333591
    },
    "cursor_speed": {
      "count": 23575,
      "mean": 134.8028301166493,
      "m2": 2023687702.209981
    },
    "path_linearity": {
      "count": 23575,
      "mean": 0.10065790031813306,
      "m2": 904.314637966064
    },
    "click_dwell": {
      "count": 23575,
      "mean": 0.15943274655355474,
      "m2": 5419.977019119692
    },
    "idle_ratio": {
      "count": 23575,
      "mean": 0.7794418239660694,
      "m2": 2313.067155961575
    }
  },
  "ewma_stats": {
    "iki_mean": {
      "alpha": 0.05,
      "mean": 3.1784440227527453e-13,
      "var": 2.07948627928479e-13,
      "initialised": true
    },
    "iki_std": {
      "alpha": 0.05,
      "mean": 7.700179353139757e-13,
      "var": 1.1314386246380278e-12,
      "initialised": true
    },
    "error_rate": {
      "alpha": 0.05,
      "mean": 3.221189347026533e-14,
      "var": 3.4482204689728772e-15,
      "initialised": true
    },
    "burst_length": {
      "alpha": 0.05,
      "mean": 4.820425274535262e-12,
      "var": 4.7838177893037186e-11,
      "initialised": true
    },
    "cursor_speed": {
      "alpha": 0.05,
      "mean": 131.0212993723249,
      "var": 8921.100231041984,
      "initialised": true
    },
    "path_linearity": {
      "alpha": 0.05,
      "mean": 0.1988531381767925,
      "var": 0.0048348639484124545,
      "initialised": true
    },
    "click_dwell": {
      "alpha": 0.05,
      "mean": 0.09945341792404966,
      "var": 0.00021497914884303953,
      "initialised": true
    },
    "idle_ratio": {
      "alpha": 0.05,
      "mean": 0.22597880492526362,
      "var": 0.04209326688135334,
      "initialised": true
    }
  },
  "ewma_ready": true,
  "state_buffer": [
    "focused",
    "focused",
    "focused",
    "focused",
    "focused"
  ]
}