{
  "version": 1,
  "calibration_seconds": 90.0,
  "minimum_samples": 20,
  "started_at": 1774718500.9161794,
  "baseline_ready": true,
  "calibration_stats": {
    "iki_mean": {
      "count": 34726,
      "mean": 0.0847353279963143,
      "m2": 2957.1409563996203
    },
    "iki_std": {
      "count": 34726,
      "mean": 0.13985034268271632,
      "m2": 9765.528599230984
    },
    "error_rate": {
      "count": 34726,
      "mean": 0.018671888498531297,
      "m2": 314.4760514975516
    },
    "burst_length": {
      "count": 34726,
      "mean": 2.8968669008811974,
      "m2": 5577182.069118807
    },
    "cursor_speed": {
      "count": 34726,
      "mean": 103.80774261360501,
      "m2": 2482711460.7197595
    },
    "path_linearity": {
      "count": 34726,
      "mean": 0.07368812993146293,
      "m2": 1017.5757664471556
    },
    "click_dwell": {
      "count": 34726,
      "mean": 0.115933565628062,
      "m2": 5739.69140373596
    },
    "idle_ratio": {
      "count": 34726,
      "mean": 0.8360165294016054,
      "m2": 2847.975826512098
    }
  },
  "ewma_stats": {
    "iki_mean": {
      "alpha": 0.05,
      "mean": 0.007859554112840424,
      "var": 0.003498296240546816,
      "initialised": true
    },
    "iki_std": {
      "alpha": 0.05,
      "mean": 0.017263631797491824,
      "var": 0.01595298768729643,
      "initialised": true
    },
    "error_rate": {
      "alpha": 0.05,
      "mean": 0.017224013593950763,
      "var": 0.014086381782876552,
      "initialised": true
    },
    "burst_length": {
      "alpha": 0.05,
      "mean": 0.1443360188657802,
      "var": 0.9546189150685755,
      "initialised": true
    },
    "cursor_speed": {
      "alpha": 0.05,
      "mean": 220.48722058850151,
      "var": 3074.8752777948785,
      "initialised": true
    },
    "path_linearity": {
      "alpha": 0.05,
      "mean": 0.07505934736723002,
      "var": 0.0019881643678375804,
      "initialised": true
    },
    "click_dwell": {
      "alpha": 0.05,
      "mean": 0.1376815573965594,
      "var": 0.002379899698590519,
      "initialised": true
    },
    "idle_ratio": {
      "alpha": 0.05,
      "mean": 0.428784105533666,
      "var": 0.0035328789046285714,
      "initialised": true
    }
  },
  "ewma_ready": true,
  "state_buffer": [
    "focused",
    "focused",
    "focused",
    "focused",
    "focused"
  ]
}