{
  "version": 1,
  "calibration_seconds": 90.0,
  "minimum_samples": 20,
  "started_at": 1774718500.9161794,
  "baseline_ready": true,
  "calibration_stats": {
    "iki_mean": {
      "count": 12077,
      "mean": 0.10737724600480276,
      "m2": 1633.4753072672058
    },
    "iki_std": {
      "count": 12077,
      "mean": 0.1843764179845984,
      "m2": 5238.823414803854
    },
    "error_rate": {
      "count": 12077,
      "mean": 0.03460014904363675,
      "m2": 227.43860811973178
    },
    "burst_length": {
      "count": 12077,
      "mean": 5.239796307029869,
      "m2": 4943178.89469891
    },
    "cursor_speed": {
      "count": 12077,
      "mean": 134.53890204520945,
      "m2": 1234855506.6530378
    },
    "path_linearity": {
      "count": 12077,
      "mean": 0.08402566862631441,
      "m2": 375.20674604272483
    },
    "click_dwell": {
      "count": 12077,
      "mean": 0.2101845657034059,
      "m2": 4547.157181603045
    },
    "idle_ratio": {
      "count": 12077,
      "mean": 0.8093253291380327,
      "m2": 1038.379764781814
    }
  },
  "ewma_stats": {
    "iki_mean": {
      "alpha": 0.05,
      "mean": 0.13211046919597136,
      "var": 0.00477243841734048,
      "initialised": true
    },
    "iki_std": {
      "alpha": 0.05,
      "mean": 0.016255650798502132,
      "var": 7.720641375979507e-05,
      "initialised": true
    },
    "error_rate": {
      "alpha": 0.05,
      "mean": 8.594008027675482e-10,
      "var": 1.1764552542850946e-11,
      "initialised": true
    },
    "burst_length": {
      "alpha": 0.05,
      "mean": 2.3448035073313367,
      "var": 1.5139611754223756,
      "initialised": true
    },
    "cursor_speed": {
      "alpha": 0.05,
      "mean": 486.3183128192901,
      "var": 107496.85295272697,
      "initialised": true
    },
    "path_linearity": {
      "alpha": 0.05,
      "mean": 0.06570607070957037,
      "var": 0.0018683723096467558,
      "initialised": true
    },
    "click_dwell": {
      "alpha": 0.05,
      "mean": 0.1023690172989488,
      "var": 0.01084450311865524,
      "initialised": true
    },
    "idle_ratio": {
      "alpha": 0.05,
      "mean": 0.47552158896868457,
      "var": 0.005776672696135301,
      "initialised": true
    }
  },
  "ewma_ready": true,
  "state_buffer": [
    "focused",
    "focused",
    "focused",
    "focused",
    "focused"
  ]
}