{
  "version": 1,
  "calibration_seconds": 90.0,
  "minimum_samples": 20,
  "started_at": 1774718500.9161794,
  "baseline_ready": true,
  "calibration_stats": {
    "iki_mean": {
      "count": 36028,
      "mean": 0.09091551015876544,
      "m2": 3300.919282812922
    },
    "iki_std": {
      "count": 36028,
      "mean": 0.1523289108471193,
      "m2": 11402.16950840652
    },
    "error_rate": {
      "count": 36028,
      "mean": 0.018894804041301193,
      "m2": 318.63000930731687
    },
    "burst_length": {
      "count": 36028,
      "mean": 2.9028960808260424,
      "m2": 5617845.239622905
    },
    "cursor_speed": {
      "count": 36028,
      "mean": 109.06570778283687,
      "m2": 2654532788.6094694
    },
    "path_linearity": {
      "count": 36028,
      "mean": 0.07480831575441263,
      "m2": 1068.137112228596
    },
    "click_dwell": {
      "count": 36028,
      "mean": 0.11469173975796836,
      "m2": 5783.628040461815
    },
    "idle_ratio": {
      "count": 36028,
      "mean": 0.8301436105251494,
      "m2": 3062.7342709591226
    }
  },
  "ewma_stats": {
    "iki_mean": {
      "alpha": 0.05,
      "mean": 9.90405160898803e-15,
      "var": 4.341847682820759e-15,
      "initialised": true
    },
    "iki_std": {
      "alpha": 0.05,
      "mean": 1.4305657503605707e-14,
      "var": 8.679003868408502e-15,
      "initialised": true
    },
    "error_rate": {
      "alpha": 0.05,
      "mean": 5.335159961194659e-16,
      "var": 2.0862173405879612e-17,
      "initialised": true
    },
    "burst_length": {
      "alpha": 0.05,
      "mean": 2.873637633550262e-13,
      "var": 3.438909663917559e-12,
      "initialised": true
    },
    "cursor_speed": {
      "alpha": 0.05,
      "mean": 450.29941547717834,
      "var": 1441515.4700160841,
      "initialised": true
    },
    "path_linearity": {
      "alpha": 0.05,
      "mean": 0.04821891313076022,
      "var": 0.01802083445938295,
      "initialised": true
    },
    "click_dwell": {
      "alpha": 0.05,
      "mean": 5.22458367488299e-06,
      "var": 5.328802385636707e-07,
      "initialised": true
    },
    "idle_ratio": {
      "alpha": 0.05,
      "mean": 0.9965863035401564,
      "var": 9.300281839222244e-05,
      "initialised": true
    }
  },
  "ewma_ready": true,
  "state_buffer": [
    "confused",
    "confused",
    "focused",
    "focused",
    "focused"
  ]
}