{
  "version": 1,
  "calibration_seconds": 90.0,
  "minimum_samples": 20,
  "started_at": 1774718500.9161794,
  "baseline_ready": true,
  "calibration_stats": {
    "iki_mean": {
      "count": 23825,
      "mean": 0.11292596012591873,
      "m2": 2696.492743393658
    },
    "iki_std": {
      "count": 23825,
      "mean": 0.18332226652675926,
      "m2": 8814.95602363762
    },
    "error_rate": {
      "count": 23825,
      "mean": 0.024075466946484936,
      "m2": 265.84208631043117
    },
    "burst_length": {
      "count": 23825,
      "mean": 4.029816998950694,
      "m2": 5409794.354602072
    },
    "cursor_speed": {
      "count": 23825,
      "mean": 141.2030174186781,
      "m2": 2273328804.7679834
    },
    "path_linearity": {
      "count": 23825,
      "mean": 0.10066115424973697,
      "m2": 906.4004014982562
    },
    "click_dwell": {
      "count": 23825,
      "mean": 0.162416117523612,
      "m2": 5494.701216610906
    },
    "idle_ratio": {
      "count": 23825,
      "mean": 0.7790475550891961,
      "m2": 2319.037609120091
    }
  },
  "ewma_stats": {
    "iki_mean": {
      "alpha": 0.05,
      "mean": 0.09911551708074376,
      "var": 0.002706515260151994,
      "initialised": true
    },
    "iki_std": {
      "alpha": 0.05,
      "mean": 0.05167317932477592,
      "var": 0.000895331911879091,
      "initialised": true
    },
    "error_rate": {
      "alpha": 0.05,
      "mean": 8.687955271462927e-20,
      "var": 9.30028693539608e-21,
      "initialised": true
    },
    "burst_length": {
      "alpha": 0.05,
      "mean": 2.329355309673392,
      "var": 1.4782297172546353,
      "initialised": true
    },
    "cursor_speed": {
      "alpha": 0.05,
      "mean": 222.1296586361651,
      "var": 56995.82184405583,
      "initialised": true
    },
    "path_linearity": {
      "alpha": 0.05,
      "mean": 0.14262560245904557,
      "var": 0.004541704013822849,
      "initialised": true
    },
    "click_dwell": {
      "alpha": 0.05,
      "mean": 0.6946878864619257,
      "var": 0.019112625691907057,
      "initialised": true
    },
    "idle_ratio": {
      "alpha": 0.05,
      "mean": 0.665470176355907,
      "var": 0.008530511119406548,
      "initialised": true
    }
  },
  "ewma_ready": true,
  "state_buffer": [
    "focused",
    "focused",
    "focused",
    "focused",
    "focused"
  ]
}