{
  "version": 1,
  "calibration_seconds": 90.0,
  "minimum_samples": 20,
  "started_at": 1774718500.9161794,
  "baseline_ready": true,
  "calibration_stats": {
    "iki_mean": {
      "count": 22366,
      "mean": 0.11779084324421042,
      "m2": 2662.356295564699
    },
    "iki_std": {
      "count": 22366,
      "mean": 0.19097590092104208,
      "m2": 8681.233016010598
    },
    "error_rate": {
      "count": 22366,
      "mean": 0.025338415452025573,
      "m2": 264.59437353344424
    },
    "burst_length": {
      "count": 22366,
      "mean": 4.222371009568119,
      "m2": 5374744.5443653315
    },
    "cursor_speed": {
      "count": 22366,
      "mean": 128.97980729678986,
      "m2": 1866413493.1882713
    },
    "path_linearity": {
      "count": 22366,
      "mean": 0.09814723240633089,
      "m2": 835.4327121636836
    },
    "click_dwell": {
      "count": 22366,
      "mean": 0.145018420817314,
      "m2": 5040.676018410652
    },
    "idle_ratio": {
      "count": 22366,
      "mean": 0.7787342394706278,
      "m2": 2229.8501883194244
    }
  },
  "ewma_stats": {
    "iki_mean": {
      "alpha": 0.05,
      "mean": 0.15588206680361655,
      "var": 0.03398443465337415,
      "initialised": true
    },
    "iki_std": {
      "alpha": 0.05,
      "mean": 0.26752888262585356,
      "var": 0.0933100434223104,
      "initialised": true
    },
    "error_rate": {
      "alpha": 0.05,
      "mean": 0.09251246761326375,
      "var": 0.030862646689186247,
      "initialised": true
    },
    "burst_length": {
      "alpha": 0.05,
      "mean": 7.991321154474614,
      "var": 67.87184229489831,
      "initialised": true
    },
    "cursor_speed": {
      "alpha": 0.05,
      "mean": 362.76567679792805,
      "var": 6988.342639208877,
      "initialised": true
    },
    "path_linearity": {
      "alpha": 0.05,
      "mean": 0.07529767809803355,
      "var": 0.0015086879462824195,
      "initialised": true
    },
    "click_dwell": {
      "alpha": 0.05,
      "mean": 0.13433392081140696,
      "var": 0.0004074989002988512,
      "initialised": true
    },
    "idle_ratio": {
      "alpha": 0.05,
      "mean": 0.008995661805324866,
      "var": 0.0005016210454058098,
      "initialised": true
    }
  },
  "ewma_ready": true,
  "state_buffer": [
    "focused",
    "focused",
    "focused",
    "focused",
    "focused"
  ]
}