{
  "version": 1,
  "calibration_seconds": 90.0,
  "minimum_samples": 20,
  "started_at": 1774718500.9161794,
  "baseline_ready": true,
  "calibration_stats": {
    "iki_mean": {
      "count": 21519,
      "mean": 0.11554886379478636,
      "m2": 2587.6714963697214
    },
    "iki_std": {
      "count": 21519,
      "mean": 0.1869481388540369,
      "m2": 8499.783776122962
    },
    "error_rate": {
      "count": 21519,
      "mean": 0.02491732887215963,
      "m2": 254.53616392806464
    },
    "burst_length": {
      "count": 21519,
      "mean": 4.232820763046633,
      "m2": 5345523.485979646
    },
    "cursor_speed": {
      "count": 21519,
      "mean": 129.5687959477672,
      "m2": 1847039848.2907035
    },
    "path_linearity": {
      "count": 21519,
      "mean": 0.09496900413587979,
      "m2": 763.1941703257578
    },
    "click_dwell": {
      "count": 21519,
      "mean": 0.14863330080394258,
      "m2": 5030.6134033766675
    },
    "idle_ratio": {
      "count": 21519,
      "mean": 0.7867303313351028,
      "m2": 2048.371278112741
    }
  },
  "ewma_stats": {
    "iki_mean": {
      "alpha": 0.05,
      "mean": 6.173598001099131e-08,
      "var": 2.75850687801899e-08,
      "initialised": true
    },
    "iki_std": {
      "alpha": 0.05,
      "mean": 1.3143320361361224e-07,
      "var": 1.3900873334082775e-07,
      "initialised": true
    },
    "error_rate": {
      "alpha": 0.05,
      "mean": 3.744962196322394e-08,
      "var": 1.6164525219929074e-08,
      "initialised": true
    },
    "burst_length": {
      "alpha": 0.05,
      "mean": 3.636917925121587e-06,
      "var": 6.0364558814210305e-05,
      "initialised": true
    },
    "cursor_speed": {
      "alpha": 0.05,
      "mean": 298.11152588307294,
      "var": 57092.17938153018,
      "initialised": true
    },
    "path_linearity": {
      "alpha": 0.05,
      "mean": 0.45289956871652776,
      "var": 0.0924564819402024,
      "initialised": true
    },
    "click_dwell": {
      "alpha": 0.05,
      "mean": 0.07219815449599212,
      "var": 0.003168473827063632,
      "initialised": true
    },
    "idle_ratio": {
      "alpha": 0.05,
      "mean": 0.8734072275343726,
      "var": 0.01105952109546609,
      "initialised": true
    }
  },
  "ewma_ready": true,
  "state_buffer": [
    "focused",
    "focused",
    "focused",
    "focused",
    "focused"
  ]
}