{
  "version": 1,
  "calibration_seconds": 90.0,
  "minimum_samples": 20,
  "started_at": 1774718500.9161794,
  "baseline_ready": true,
  "calibration_stats": {
    "iki_mean": {
      "count": 12041,
      "mean": 0.10727846524375075,
      "m2": 1633.2937133060414
    },
    "iki_std": {
      "count": 12041,
      "mean": 0.18487708662071217,
      "m2": 5237.808370088212
    },
    "error_rate": {
      "count": 12041,
      "mean": 0.03470359604684005,
      "m2": 227.39538113429126
    },
    "burst_length": {
      "count": 12041,
      "mean": 5.248070758242649,
      "m2": 4942857.357283709
    },
    "cursor_speed": {
      "count": 12041,
      "mean": 133.42199651191703,
      "m2": 1227906143.0748003
    },
    "path_linearity": {
      "count": 12041,
      "mean": 0.08409093929075648,
      "m2": 375.1509674214756
    },
    "click_dwell": {
      "count": 12041,
      "mean": 0.21056598289178918,
      "m2": 4546.56892382659
    },
    "idle_ratio": {
      "count": 12041,
      "mean": 0.8104341001577963,
      "m2": 1033.2997739584725
    }
  },
  "ewma_stats": {
    "iki_mean": {
      "alpha": 0.05,
      "mean": 2.090786424951133e-06,
      "var": 6.428615440396576e-07,
      "initialised": true
    },
    "iki_std": {
      "alpha": 0.05,
      "mean": 1.8833871521817462e-06,
      "var": 5.714926444179976e-07,
      "initialised": true
    },
    "error_rate": {
      "alpha": 0.05,
      "mean": 5.446856887461667e-09,
      "var": 7.456336131586165e-11,
      "initialised": true
    },
    "burst_length": {
      "alpha": 0.05,
      "mean": 0.00010505952764444175,
      "var": 0.001885054436384534,
      "initialised": true
    },
    "cursor_speed": {
      "alpha": 0.05,
      "mean": 985.5097489083847,
      "var": 138583.5317127399,
      "initialised": true
    },
    "path_linearity": {
      "alpha": 0.05,
      "mean": 0.03170693012246772,
      "var": 0.001894863078132241,
      "initialised": true
    },
    "click_dwell": {
      "alpha": 0.05,
      "mean": 0.2156620492365016,
      "var": 0.05343568025803706,
      "initialised": true
    },
    "idle_ratio": {
      "alpha": 0.05,
      "mean": 0.542697776480918,
      "var": 0.00668634678990542,
      "initialised": true
    }
  },
  "ewma_ready": true,
  "state_buffer": [
    "focused",
    "focused",
    "focused",
    "focused",
    "focused"
  ]
}