{
  "version": 1,
  "calibration_seconds": 90.0,
  "minimum_samples": 20,
  "started_at": 1774718500.9161794,
  "baseline_ready": true,
  "calibration_stats": {
    "iki_mean": {
      "count": 22380,
      "mean": 0.11771715817694414,
      "m2": 2662.550419611263
    },
    "iki_std": {
      "count": 22380,
      "mean": 0.19085643431635513,
      "m2": 8681.74330172346
    },
    "error_rate": {
      "count": 22380,
      "mean": 0.02532256478999124,
      "m2": 264.6033564047816
    },
    "burst_length": {
      "count": 22380,
      "mean": 4.219729669347657,
      "m2": 5374993.98606447
    },
    "cursor_speed": {
      "count": 22380,
      "mean": 129.15156836461134,
      "m2": 1869475510.4583523
    },
    "path_linearity": {
      "count": 22380,
      "mean": 0.09849003574620183,
      "m2": 840.3097047779692
    },
    "click_dwell": {
      "count": 22380,
      "mean": 0.14526014298480988,
      "m2": 5048.036861447571
    },
    "idle_ratio": {
      "count": 22380,
      "mean": 0.7788212243074201,
      "m2": 2230.1636117184657
    }
  },
  "ewma_stats": {
    "iki_mean": {
      "alpha": 0.05,
      "mean": 0.07601978367293935,
      "var": 0.022644471947058434,
      "initialised": true
    },
    "iki_std": {
      "alpha": 0.05,
      "mean": 0.1304671422473642,
      "var": 0.06338702705587602,
      "initialised": true
    },
    "error_rate": {
      "alpha": 0.05,
      "mean": 0.04511601571122453,
      "var": 0.017189279648267563,
      "initialised": true
    },
    "burst_length": {
      "alpha": 0.05,
      "mean": 3.8971673771138993,
      "var": 49.05500181171486,
      "initialised": true
    },
    "cursor_speed": {
      "alpha": 0.05,
      "mean": 367.5918464453408,
      "var": 59544.3262981671,
      "initialised": true
    },
    "path_linearity": {
      "alpha": 0.05,
      "mean": 0.36381481527879095,
      "var": 0.09884384500331286,
      "initialised": true
    },
    "click_dwell": {
      "alpha": 0.05,
      "mean": 0.39399734765121014,
      "var": 0.26108791475180615,
      "initialised": true
    },
    "idle_ratio": {
      "alpha": 0.05,
      "mean": 0.4687688846116054,
      "var": 0.2030085297219656,
      "initialised": true
    }
  },
  "ewma_ready": true,
  "state_buffer": [
    "focused",
    "focused",
    "focused",
    "focused",
    "focused"
  ]
}